Valence,Arousal,Expression
-0.43124154,0.28843948,5
-0.45507556,0.27986154,5
-0.42223656,0.29173598,5
-0.43631515,0.2909531,5
-0.4361967,0.30803177,5
-0.42266694,0.30327436,5
-0.48106536,0.3203036,5
-0.43419278,0.2989793,5
-0.4553353,0.2689697,5
-0.460027,0.26045868,5
-0.4632335,0.23860875,5
-0.4835988,0.27758697,5
-0.45885387,0.2057958,5
-0.4768025,0.26062155,5
-0.47650144,0.20230953,5
-0.4549652,0.19967516,5
-0.49049196,0.23499641,5
-0.4921265,0.24004242,5
-0.4651023,0.20085646,5
-0.4674444,0.24731615,5
-0.48683158,0.2343802,5
-0.49317876,0.24070564,5
-0.5020103,0.23346736,5
-0.48883525,0.24010013,5
-0.48797944,0.17550595,5
-0.5504281,0.2753378,5
-0.49760786,0.2470039,5
-0.4597719,0.21363454,5
-0.55936277,0.24173968,5
-0.49684826,0.21609186,5
-0.51733476,0.22702856,5
-0.4801971,0.21843012,5
-0.5220368,0.24351966,5
-0.5069746,0.19843018,5
-0.47073045,0.2436333,5
-0.5084153,0.2520099,5
-0.51292545,0.25922596,5
-0.4809833,0.20720586,5
-0.4604793,0.20411767,5
-0.4533875,0.1951161,5
-0.47715232,0.22975922,5
-0.47068098,0.21400571,5
-0.50575924,0.22623475,5
-0.47439507,0.21341687,5
-0.505034,0.17485996,5
-0.5097275,0.22066745,5
-0.4580004,0.17595015,5
-0.45561573,0.24430259,5
-0.5496862,0.22354478,5
-0.40016735,0.23363398,5
-0.52329177,0.20669813,5
-0.5411245,0.2024735,5
-0.5497164,0.23292556,5
-0.4717333,0.22768524,5
-0.52860934,0.2339546,5
-0.45936176,0.17258552,5
-0.5238345,0.2185713,5
-0.54102105,0.2429287,5
-0.44412622,0.21085219,5
-0.54529506,0.21571146,5
-0.54083395,0.27585548,5
-0.5148419,0.25919312,5
-0.5235816,0.2695657,5
-0.5209074,0.27676713,5
-0.47145835,0.17099646,5
-0.45419893,0.20869781,5
-0.50345826,0.20230874,5
-0.39339963,0.18722722,5
-0.4902911,0.19857854,5
-0.49275735,0.18634918,5
-0.52385443,0.17371726,5
-0.50023776,0.18750243,5
-0.59903944,0.20474987,5
-0.57444715,0.2218312,5
-0.6973646,0.18650985,5
-0.69039154,0.22546773,5
-0.68959403,0.117064625,5
-0.70043874,0.062592745,5
-0.5559429,0.21177882,5
-0.7175018,0.2780023,5
-0.44607976,0.13071316,5
-0.46989182,0.16238546,5
-0.40213948,0.1301089,0
-0.40927315,0.1966169,5
-0.43808857,0.13616821,5
-0.45604113,0.13115355,5
-0.48108897,0.15002975,5
-0.45271784,0.16241144,5
-0.4551963,0.103915036,5
-0.48402008,0.10215014,5
-0.43732992,0.14035355,5
-0.44039184,0.08750835,5
-0.43687353,0.14917201,5
-0.4124394,0.101083815,0
-0.43263486,0.05049938,0
-0.43251625,0.1167385,0
-0.44085458,0.043260008,0
-0.4284378,0.039365202,0
-0.41196513,0.08979121,0
-0.44455573,0.07318908,5
-0.48335817,0.019120067,0
-0.45671457,0.095770866,5
-0.4256514,0.09956953,5
-0.45338455,0.095692635,5
-0.41675738,0.07267952,0
-0.42355484,-0.009486228,0
-0.46542117,0.039120823,5
-0.4867743,0.019037932,2
-0.37940714,0.04204446,0
-0.4046866,0.052609533,0
-0.44043073,0.10556686,5
-0.46535328,0.06257784,5
-0.43166858,0.05697748,0
-0.45417714,0.08655277,5
-0.45643216,0.10800797,5
-0.461731,0.07835433,5
-0.4797714,0.05514002,2
-0.43847156,0.07994211,5
-0.4927874,0.12100533,5
-0.48745558,0.14577748,5
-0.5219495,0.026533574,2
-0.47598168,0.048666418,2
-0.5726369,0.052285343,2
-0.51695806,0.058651745,2
-0.6369268,0.088971466,2
-0.606323,0.10060501,5
-0.6193239,0.0023459494,2
-0.6354644,0.095262825,2
-0.6420258,0.03332019,2
-0.6460969,0.043216556,2
-0.65797704,0.019137204,2
-0.6583247,-0.0020768642,2
-0.62990916,0.02662167,2
-0.6334915,0.06285694,2
-0.61457294,0.0028457642,2
-0.6257052,0.017017037,2
-0.64701045,0.031317055,2
-0.6432642,0.04043889,2
-0.64612496,0.062244922,2
-0.6261911,0.011262864,2
-0.6407929,0.07348943,2
-0.62692505,0.029395998,2
-0.66083115,0.084777445,5
-0.64470845,0.06267393,2
-0.629076,0.12669069,5
-0.6401795,0.06976774,2
-0.6354402,0.14404921,5
-0.6325257,0.17243598,5
-0.65908355,0.19109885,5
-0.64682865,0.17845708,5
-0.67114687,0.1804883,5
-0.63853586,0.14561385,5
-0.6787403,0.17935604,5
-0.68321043,0.15746066,5
-0.62738085,0.19042806,5
-0.6537009,0.19162163,5
-0.5953541,0.28271967,5
-0.58504224,0.2330306,5
-0.57879394,0.26401174,5
-0.55823636,0.26723498,5
-0.58438915,0.27988568,5
-0.5467901,0.2638215,5
-0.5783895,0.29639637,5
-0.55848855,0.28921115,5
-0.6421281,0.322124,5
-0.60297984,0.29801148,5
-0.59364814,0.30696082,5
-0.6257013,0.2778347,5
-0.5558162,0.29083076,5
-0.6268451,0.33540416,5
-0.5114307,0.28654557,5
-0.5661932,0.3065604,5
-0.4497666,0.2926963,5
-0.48767826,0.30468202,5
-0.46968558,0.27377862,5
-0.51225,0.3128244,5
-0.47701725,0.29731736,5
-0.4492087,0.30853567,5
-0.44471213,0.2998384,5
-0.51697475,0.32933557,5
-0.48053035,0.31818688,5
-0.5017922,0.30990553,5
-0.45121768,0.29719958,5
-0.45404252,0.29661742,5
-0.51831675,0.26566342,5
-0.47661945,0.30486026,5
-0.52371204,0.2872978,5
-0.52334607,0.29965717,5
-0.50012,0.25639975,5
-0.51982963,0.30057183,5
-0.48183426,0.24749534,5
-0.508578,0.25753033,5
-0.48741212,0.30115432,5
-0.5159464,0.29821384,5
-0.44513986,0.2252961,5
-0.47117546,0.30135965,5
-0.47070023,0.24832287,5
-0.4757677,0.2721502,5
-0.49030384,0.3001529,5
-0.47783068,0.25760764,5
-0.45277506,0.2606399,5
-0.5026154,0.2978388,5
-0.4260298,0.22957952,5
-0.4559409,0.26617104,5
-0.48119584,0.2552415,5
-0.46927318,0.25442815,5
-0.47445235,0.28753954,5
-0.4501421,0.24729638,5
-0.48411217,0.22949089,5
-0.5134399,0.24891831,5
-0.44889495,0.24709052,5
-0.44529778,0.2336673,5
-0.4694741,0.26834363,5
-0.47787145,0.26425734,5
-0.46272466,0.31583738,5
-0.48660132,0.28630787,5
-0.49537078,0.27174357,5
-0.43795544,0.26884723,5
-0.5124278,0.26635224,5
-0.455904,0.29672062,5
-0.4297093,0.29771918,5
-0.44466445,0.3192658,5
-0.4639806,0.3273311,5
-0.46986118,0.31566396,5
-0.47035065,0.33187878,5
-0.50133187,0.33196947,5
-0.4420373,0.27734965,5
-0.4220698,0.31367397,5
-0.48805842,0.3188979,5
-0.4774669,0.27782404,5
-0.507392,0.30451155,5
-0.5356955,0.29398084,5
-0.4789175,0.28965604,5
-0.4887459,0.28979996,5
-0.48165885,0.3261871,5
-0.4833615,0.3064271,5
-0.4339426,0.29556984,5
-0.47512117,0.31287667,5
-0.4439382,0.31459653,5
-0.46998128,0.32380792,5
-0.5234454,0.28955236,5
-0.49048862,0.32974735,5
-0.4488839,0.30780995,5
-0.4830232,0.31949678,5
-0.4839634,0.3068172,5
-0.48770186,0.3240356,5
-0.49020717,0.3007112,5
-0.50369054,0.32104272,5
-0.50303185,0.32192487,5
-0.46307668,0.28218567,5
-0.48652843,0.28677318,5
-0.50378686,0.29490617,5
-0.48773602,0.32761475,5
-0.4989275,0.2999702,5
-0.47858354,0.32531685,5
-0.49844858,0.31646004,5
-0.46749243,0.25952744,5
-0.4594361,0.3058259,5
-0.4594362,0.3018674,5
-0.44031104,0.30744708,5
-0.46939608,0.3107302,5
-0.43747398,0.2948569,5
-0.46658984,0.29937875,5
-0.47043177,0.28449258,5
-0.44203702,0.28262904,5
-0.4426729,0.28078973,5
-0.45709944,0.30376875,5
-0.42478377,0.31165433,5
-0.48255727,0.29206848,5
-0.44926858,0.28521597,5
-0.48040166,0.31612924,5
-0.4676362,0.31931052,5
-0.4857675,0.3354494,5
-0.50651497,0.3423151,5
-0.47934118,0.3174367,5
-0.48005542,0.33898488,5
-0.4714422,0.33081025,5
-0.5036135,0.32790115,5
-0.45971605,0.3136341,5
-0.4431827,0.32334748,5
-0.45570606,0.3267287,5
-0.44264424,0.32095903,5
-0.4980859,0.32759178,5
-0.45132953,0.3126388,5
-0.46456656,0.32746518,5
-0.38394088,0.28110057,5
-0.4461004,0.3012558,5
-0.46692607,0.30761725,5
-0.48304215,0.2923575,5
-0.4633108,0.26849875,5
-0.4793481,0.2617214,5
-0.48307028,0.32443386,5
-0.45179364,0.31376585,5
-0.44805256,0.3088047,5
-0.45436752,0.29528785,5
-0.46618918,0.30775273,5
-0.4846737,0.29394823,5
-0.48650208,0.29322863,5
-0.44076094,0.31643915,5
-0.44258672,0.29407454,5
-0.48191205,0.3019258,5
-0.42700604,0.30354628,5
-0.39452952,0.32163876,5
-0.42395946,0.31574568,5
-0.4430399,0.30920818,5
-0.38816988,0.3205566,5
-0.42800048,0.29785356,5
-0.4412545,0.30821875,5
-0.36668387,0.2862436,5
-0.4057697,0.26003775,5
-0.39435726,0.25222388,5
-0.40144768,0.29108763,5
-0.47137687,0.2898168,5
-0.37706655,0.28284073,5
-0.42365506,0.26105565,5
-0.41159847,0.2574972,5
-0.4594606,0.3068354,5
-0.45548707,0.27434418,5
-0.47864172,0.3301734,5
-0.46796468,0.32530242,5
-0.46510175,0.3007803,5
-0.48619655,0.31254348,5
-0.45726487,0.297928,5
-0.4553493,0.29339486,5
-0.4298405,0.31596577,5
-0.4654874,0.3197031,5
-0.47579888,0.30957547,5
-0.4342085,0.29136425,5
-0.4796429,0.3153568,5
-0.49122044,0.31642437,5
-0.4501353,0.32966155,5
-0.48588678,0.29328448,5
-0.46850774,0.3421498,5
-0.44626382,0.30492753,5
-0.49809155,0.34010032,5
-0.5181635,0.33680943,5
-0.478447,0.3224231,5
-0.40646675,0.29986703,5
-0.5146583,0.29702315,5
-0.5039628,0.26800796,5
-0.4824787,0.2634126,5
-0.5341754,0.2628843,5
-0.5259912,0.3283467,5
-0.5032523,0.2936561,5
-0.5077393,0.23222052,5
-0.47442815,0.31385782,5
-0.5303839,0.2621525,5
-0.49434862,0.24906737,5
-0.48579666,0.304177,5
-0.54245734,0.29208565,5
-0.48781118,0.287636,5
-0.49381086,0.29335064,5
-0.49715254,0.2832652,5
-0.4645711,0.29510206,5
-0.46874467,0.2880526,5
-0.46293363,0.2802786,5
-0.43614867,0.30185673,5
-0.4408662,0.28291124,5
-0.4890822,0.30699292,5
-0.45060757,0.3066036,5
-0.46531114,0.29088885,5
-0.4228042,0.30096263,5
-0.47879937,0.29828238,5
-0.43603268,0.2980125,5
-0.5185325,0.31849244,5
-0.47330216,0.30512077,5
-0.4772252,0.30538154,5
-0.5037667,0.31407607,5
-0.48401806,0.2874038,5
-0.41430908,0.27647787,5
-0.47563472,0.24892388,5
-0.48803893,0.27036294,5
-0.48701915,0.2928809,5
-0.47676358,0.28706002,5
-0.5418016,0.3151632,5
-0.4583238,0.27910477,5
-0.47112444,0.2847027,5
-0.50493944,0.30555022,5
-0.49081984,0.28666332,5
-0.47251013,0.26735106,5
-0.49134198,0.31069446,5
-0.48225972,0.29001188,5
-0.4889525,0.2845724,5
-0.5331266,0.31724635,5
-0.48325947,0.29140604,5
-0.4702231,0.29268605,5
-0.4735432,0.2586464,5
-0.44606537,0.27412936,5
-0.530499,0.2963901,5
-0.5278571,0.31981173,5
-0.5524517,0.2654738,5
-0.56894493,0.3035269,5
-0.5446476,0.27974814,5
-0.56022364,0.29020667,5
-0.521188,0.30583683,5
-0.56172687,0.3111661,5
-0.54879636,0.23982738,5
-0.5214347,0.28244144,5
-0.48730657,0.20616771,5
-0.5539277,0.2830835,5
-0.5341376,0.22263867,5
-0.5361086,0.21040533,5
-0.49110696,0.2559854,5
-0.49392828,0.2085673,5
-0.46185634,0.26760375,5
-0.46549734,0.2642912,5
-0.4844716,0.29026896,5
-0.5313173,0.29778948,5
-0.5043647,0.29335874,5
-0.4887958,0.31424928,5
-0.52585256,0.29422605,5
-0.5350289,0.32259262,5
-0.4537053,0.28445774,5
-0.4320299,0.24867615,5
-0.5255943,0.2818371,5
-0.49521706,0.28550246,5
-0.5468545,0.30973172,5
-0.5706518,0.3310199,5
-0.5818639,0.33291945,5
-0.5643129,0.32157636,5
-0.51014686,0.30061948,5
-0.5236758,0.3115988,5
-0.5035319,0.3034947,5
-0.5445449,0.32550976,5
-0.5269754,0.30708405,5
-0.50915354,0.29053178,5
-0.543872,0.3111652,5
-0.51824677,0.29470047,5
-0.5763421,0.30343813,5
-0.53137904,0.30280796,5
-0.52028614,0.3114645,5
-0.5580773,0.31123912,5
-0.5459132,0.30759802,5
-0.54570365,0.2918538,5
-0.5382738,0.3186779,5
-0.5612273,0.31107572,5
-0.5225344,0.3167396,5
-0.54226166,0.31830958,5
-0.51285803,0.29723567,5
-0.567428,0.3107168,5
-0.4835144,0.26828593,5
-0.49714026,0.29416484,5
-0.5036941,0.28716302,5
-0.5144622,0.27227095,5
-0.50248593,0.27715448,5
-0.51093537,0.2719586,5
-0.5354322,0.27716386,5
-0.50298613,0.22454174,5
-0.5600029,0.30158222,5
-0.54400676,0.2711157,5
-0.49518356,0.26018393,5
-0.5059429,0.2693085,5
-0.5630981,0.27342397,5
-0.5876448,0.28132203,5
-0.51939774,0.23590423,5
-0.5610296,0.27306253,5
-0.50346273,0.21408969,5
-0.5262575,0.24946716,5
-0.5235915,0.25740612,5
-0.44892988,0.21958844,5
-0.5195683,0.2555237,5
-0.51569647,0.26426727,5
-0.5328384,0.26482385,5
-0.5489792,0.24881193,5
-0.5492947,0.27291837,5
-0.503837,0.28084454,5
-0.52216184,0.22755083,5
-0.5037908,0.25658172,5
-0.55507165,0.23531115,5
-0.53924483,0.23983029,5
-0.592415,0.20886505,5
-0.57688695,0.20720866,5
-0.6053555,0.24295387,5
-0.6351192,0.26002103,5
-0.63484156,0.23591192,5
-0.6390014,0.29299563,5
-0.6456111,0.3461987,5
-0.6426187,0.29213047,5
-0.63579005,0.34681156,5
-0.63658303,0.33561227,5
-0.5219879,0.34872538,5
-0.5721513,0.34231955,5
-0.518036,0.35033646,5
-0.49295846,0.331686,5
-0.4735603,0.32724345,5
-0.46193144,0.3417239,5
-0.47187474,0.32966,5
-0.5198445,0.3438438,5
-0.51702183,0.3417237,5
-0.4893442,0.34593526,5
-0.57690793,0.37543732,5
-0.49809054,0.3390616,5
-0.5593293,0.35472786,5
-0.51137877,0.34030923,5
-0.5460849,0.33443892,5
-0.54875517,0.34756204,5
-0.49224588,0.3076847,5
-0.502074,0.30782196,5
-0.51847255,0.33261883,5
-0.5375919,0.3106587,5
-0.5493111,0.29603502,5
-0.52387524,0.31672254,5
-0.54516983,0.30758834,5
-0.536959,0.2857911,5
-0.5573531,0.33096758,5
-0.54031205,0.29585004,5
-0.4989883,0.2977913,5
-0.4990382,0.3245442,5
-0.5416654,0.3141164,5
-0.5190123,0.30086523,5
-0.48229238,0.30399263,5
-0.5253811,0.31581596,5
-0.56360346,0.33468434,5
-0.5608517,0.31426647,5
-0.5241423,0.31041384,5
-0.54547614,0.3112986,5
-0.5340931,0.31410438,5
-0.527888,0.32797757,5
-0.57802665,0.32482803,5
-0.5669256,0.32476127,5
-0.5496292,0.30688787,5
-0.51801366,0.31500238,5
-0.5148001,0.28678542,5
-0.56542224,0.32211176,5
-0.5493506,0.32711953,5
-0.5575267,0.3012304,5
-0.5303061,0.32530844,5
-0.5530913,0.32181886,5
-0.5341544,0.33591062,5
-0.5474921,0.31591284,5
-0.5436495,0.33483407,5
-0.50135887,0.3196191,5
-0.51344967,0.30814803,5
-0.4832516,0.3123378,5
-0.53418124,0.317888,5
-0.51714206,0.33968326,5
-0.51069874,0.33644223,5
-0.5650519,0.32294482,5
-0.50113577,0.3204163,5
-0.5133956,0.323569,5
-0.52052677,0.32668656,5
-0.5278814,0.32797772,5
-0.5299385,0.3390762,5
-0.5398519,0.34681097,5
-0.53076977,0.32747304,5
-0.50905377,0.32286042,5
-0.52203345,0.31092313,5
-0.5278819,0.31072617,5
-0.50647855,0.2864082,5
-0.51798284,0.3074064,5
-0.5209663,0.31173408,5
-0.51711494,0.3093365,5
-0.54085237,0.30703202,5
-0.4993926,0.28819138,5
-0.5340436,0.30465937,5
-0.48764613,0.2881209,5
-0.51876074,0.30791175,5
-0.531479,0.29179597,5
-0.551013,0.32270324,5
-0.54759854,0.32883745,5
-0.514635,0.2810085,5
-0.5339261,0.31317794,5
-0.52146745,0.31464678,5
-0.5210463,0.2867159,5
-0.5226688,0.32007796,5
-0.53149104,0.31097037,5
-0.47637585,0.29395676,5
-0.4941527,0.30651185,5
-0.5045446,0.3022277,5
-0.46883622,0.2702292,5
-0.49654064,0.29532373,5
-0.51623935,0.31790775,5
-0.5429414,0.30473942,5
-0.54979664,0.33027306,5
-0.5333556,0.30117643,5
-0.49851677,0.29392695,5
-0.5341096,0.2853594,5
-0.5632345,0.30102628,5
-0.50842375,0.28910467,5
-0.54833335,0.306145,5
-0.53880864,0.2879339,5
-0.5638904,0.29923916,5
-0.50381017,0.2522275,5
-0.53771114,0.27783114,5
-0.5797459,0.2822804,5
-0.5352207,0.24632853,5
-0.5242092,0.26178682,5
-0.5394319,0.29038578,5
-0.5073744,0.23748298,5
-0.5058845,0.23406824,5
-0.53252447,0.24556085,5
-0.49632797,0.26730224,5
-0.52806056,0.31764156,5
-0.526297,0.29301384,5
-0.52976894,0.31335354,5
-0.5100182,0.2950266,5
-0.53156364,0.29936367,5
-0.52217215,0.29186314,5
-0.53278595,0.23511666,5
-0.5149838,0.28368425,5
-0.5125238,0.2969186,5
-0.52163327,0.28227255,5
-0.56043965,0.2843093,5
-0.545385,0.30461195,5
-0.5239233,0.32896212,5
-0.5599509,0.33741555,5
-0.4809645,0.31160185,5
-0.55847704,0.33860236,5
-0.47918501,0.28068763,5
-0.5307907,0.32531765,5
-0.5605222,0.33163378,5
-0.47132948,0.2729988,5
-0.534849,0.26861984,5
-0.54271424,0.31756485,5
-0.5229344,0.25611544,5
-0.5242871,0.23661457,5
-0.51366997,0.25039244,5
-0.5406127,0.26626056,5
-0.5678965,0.29815352,5
-0.5480357,0.28162125,5
-0.600549,0.28360784,5
-0.57519954,0.24751383,5
-0.65204734,0.28752735,5
-0.59901047,0.28391552,5
-0.63295996,0.23406208,5
-0.6641398,0.24923743,5
-0.6635001,0.23103565,5
-0.6681415,0.19827715,5
-0.67818904,0.22669013,5
-0.6606165,0.15235715,2
-0.6780218,0.21057643,5
-0.6707863,0.21799447,5
-0.6690829,0.25406793,5
-0.66492385,0.22976156,5
-0.67892534,0.23796383,5
-0.6659509,0.20541821,2
-0.6934341,0.2125686,5
-0.68068933,0.23684901,5
-0.71628284,0.15384685,5
-0.7196852,0.17842045,5
-0.7037463,0.19209516,5
-0.71763635,0.13886806,5
-0.7542762,0.20727941,5
-0.72858787,0.17401055,5
-0.67966723,0.11069536,5
-0.6901782,0.1451732,5
-0.5354793,0.30355972,5
-0.6453584,0.29591578,5
-0.5474967,0.3192965,5
-0.53881294,0.3051594,5
-0.52809703,0.3183632,5
-0.56552947,0.3289456,5
-0.565688,0.29174554,5
-0.56060743,0.31413293,5
-0.5064416,0.26784927,5
-0.5624313,0.3274117,5
-0.56534547,0.32657504,5
-0.5862763,0.33735958,5
-0.5278422,0.3157996,5
-0.51129806,0.28972173,5
-0.51775354,0.29571465,5
-0.5122289,0.26140255,5
-0.5359376,0.26283094,5
-0.53565174,0.23481324,5
-0.5233505,0.24086903,5
-0.5139945,0.2753526,5
-0.5042099,0.28533843,5
-0.50652695,0.2708418,5
-0.54209626,0.3038695,5
-0.47412893,0.2816584,5
-0.5209858,0.28135782,5
-0.5333062,0.31575713,5
-0.47226378,0.30746615,5
-0.5164917,0.29475898,5
-0.49330124,0.3084996,5
-0.5040645,0.29243064,5
-0.5397158,0.29935256,5
-0.54579073,0.29431504,5
-0.55407345,0.31454316,5
-0.54292274,0.30654705,5
-0.50787234,0.3052986,5
-0.55252665,0.34411287,5
-0.5425118,0.31344923,5
-0.5691357,0.32112232,5
-0.4956558,0.30434176,5
-0.5003648,0.28612328,5
-0.49238327,0.28994295,5
-0.5196589,0.297161,5
-0.5089867,0.30377904,5
-0.4785135,0.31059998,5
-0.5222283,0.3193282,5
-0.5145317,0.3152225,5
-0.51890385,0.31766847,5
-0.5349874,0.31231162,5
-0.51814806,0.32934645,5
-0.52682084,0.32424477,5
-0.529607,0.3378301,5
-0.5086076,0.32376838,5
-0.4977117,0.29784587,5
-0.5113656,0.3099702,5
-0.5239213,0.33869946,5
-0.5454837,0.3417684,5
-0.5371522,0.33756074,5
-0.54042137,0.33821908,5
-0.5322166,0.3460081,5
-0.5001576,0.32228556,5
-0.4707552,0.2937472,5
-0.48977122,0.3086032,5
-0.5403601,0.33227694,5
-0.5159141,0.31668192,5
-0.54271066,0.31974575,5
-0.53565115,0.34103674,5
-0.47106543,0.2907811,5
-0.53542453,0.32646182,5
-0.517675,0.2922671,5
-0.4924415,0.30263323,5
-0.50569636,0.31428647,5
-0.5444278,0.30657834,5
-0.5097121,0.32994056,5
-0.5157349,0.33100727,5
-0.47277477,0.31554005,5
-0.5216115,0.32607287,5
-0.44054246,0.2956626,5
-0.49634865,0.31378967,5
-0.46780887,0.30133146,5
-0.52241576,0.32402334,5
-0.4845856,0.31180617,5
-0.501407,0.3175698,5
-0.5125312,0.30807805,5
-0.51445556,0.32087398,5
-0.5158345,0.30040094,5
-0.48530677,0.3213576,5
-0.5305474,0.32566458,5
-0.5395536,0.32309362,5
-0.5399189,0.3285385,5
-0.51104176,0.27510864,5
-0.5176326,0.30412054,5
-0.5125592,0.32499743,5
-0.5652642,0.34466913,5
-0.5772484,0.3616747,5
-0.5438265,0.3263507,5
-0.54204965,0.32778764,5
-0.57548976,0.34767196,5
-0.5668695,0.3201165,5
-0.53679055,0.34316298,5
-0.55352914,0.34773612,5
-0.51060635,0.33753616,5
-0.53190386,0.3396196,5
-0.5248793,0.33086914,5
-0.52526236,0.3233579,5
-0.5272379,0.32089123,5
-0.51439154,0.32762825,5
-0.5236783,0.31978476,5
-0.49946234,0.30809742,5
-0.478434,0.33532766,5
-0.51299345,0.3350153,5
-0.49091002,0.32467854,5
-0.4775385,0.30801383,5
-0.49956205,0.32314366,5
-0.49431643,0.32208502,5
-0.48983577,0.3345648,5
-0.481567,0.32582635,5
-0.5040072,0.32509628,5
-0.50853574,0.3227815,5
-0.5123038,0.33244944,5
-0.42336518,0.2909788,5
-0.51410466,0.32019836,5
-0.5226122,0.33718637,5
-0.50718725,0.3203065,5
-0.50530195,0.3193453,5
-0.48794028,0.28660855,5
-0.4490954,0.30781338,5
-0.46293488,0.3271227,5
-0.48707107,0.29012853,5
-0.5098928,0.32213458,5
-0.46572885,0.3210202,5
-0.492403,0.30169886,5
-0.4326909,0.2748232,5
-0.52243257,0.30703875,5
-0.50886863,0.3150082,5
-0.48643574,0.31260687,5
-0.4625316,0.2842822,5
-0.49792507,0.29250583,5
-0.4921343,0.31483722,5
-0.45900723,0.28437835,5
-0.530746,0.31961188,5
-0.4662567,0.2770156,5
-0.5363094,0.33328348,5
-0.50156116,0.3075031,5
-0.47295025,0.29064983,5
-0.51315516,0.3249395,5
-0.47349522,0.28665444,5
-0.47447458,0.31890136,5
-0.52881545,0.32394916,5
-0.53920746,0.33196858,5
-0.52859735,0.33851627,5
-0.44135588,0.29911536,5
-0.49552765,0.33667588,5
-0.5188238,0.3460595,5
-0.49120787,0.3425151,5
-0.5071675,0.31517714,5
-0.53883165,0.32995853,5
-0.4963573,0.3035788,5
-0.5183868,0.29181895,5
-0.4838476,0.31946197,5
-0.4803821,0.3130964,5
-0.5138379,0.34338945,5
-0.51038927,0.34032285,5
-0.47330853,0.2888528,5
-0.48043272,0.32072514,5
-0.4723781,0.27612624,5
-0.5250389,0.30329472,5
-0.49360874,0.27825093,5
-0.5136983,0.28859353,5
-0.4628249,0.28357905,5
-0.49300435,0.29963648,5
-0.52315027,0.32609335,5
-0.47740462,0.30379573,5
-0.5117024,0.3297165,5
-0.48512933,0.32832858,5
-0.46292666,0.3238556,5
-0.4809862,0.32830626,5
-0.54462844,0.30053487,5
-0.4624447,0.3066507,5
-0.49041757,0.32502675,5
-0.4463841,0.29389554,5
-0.47792438,0.29602432,5
-0.4841518,0.2924353,5
-0.46693996,0.2668017,5
-0.48500165,0.31476322,5
-0.49131396,0.27685654,5
-0.49483064,0.2771507,5
-0.47745702,0.29677233,5
-0.40676492,0.26935738,5
-0.47759333,0.29907453,5
-0.48789808,0.28065103,5
-0.47403893,0.28538337,5
-0.4777526,0.31185186,5
-0.5026739,0.29277328,5
-0.44132277,0.28214633,5
-0.49474165,0.3080159,5
-0.47923037,0.29681757,5
-0.41453344,0.28133214,5
-0.46964654,0.2969976,5
-0.44324863,0.2838307,5
-0.44912717,0.2880405,5
-0.4827468,0.29616493,5
-0.40366507,0.2802196,5
-0.4881926,0.22474821,5
-0.49712613,0.30773133,5
-0.46728197,0.2689701,5
-0.4720483,0.2529906,5
-0.49095908,0.22047582,5
-0.48764518,0.26912898,5
-0.49734178,0.2512662,5
-0.49575529,0.2646647,5
-0.49532595,0.21922013,5
-0.4961584,0.2468118,5
-0.4989157,0.2360695,5
-0.48060152,0.20839997,5
-0.4776068,0.2920121,5
-0.44737694,0.3027113,5
-0.47720912,0.30492815,5
-0.4834927,0.2779996,5
-0.46000054,0.24306588,5
-0.4654803,0.28100592,5
-0.43954024,0.27146503,5
-0.47108778,0.27353805,5
-0.3729447,0.2578082,5
-0.44288838,0.28603533,5
-0.42326593,0.28873822,5
-0.3766287,0.27573714,5
-0.4015332,0.2840635,5
-0.4478003,0.29283634,5
-0.40633774,0.283404,5
-0.42323342,0.2723848,5
-0.4878541,0.2645964,5
-0.4513563,0.28348076,5
-0.47404435,0.2845094,5
-0.46156707,0.27096808,5
-0.4396765,0.26668894,5
-0.45981905,0.26926804,5
-0.43808755,0.21577008,5
-0.4825656,0.2296823,5
-0.4631137,0.26019314,5
-0.49022117,0.17625298,5
-0.47588876,0.24506584,5
-0.45169553,0.2643387,5
-0.4461334,0.21087308,5
-0.47377542,0.18687448,5
-0.4507731,0.15667216,5
-0.46361747,0.14633048,5
-0.39460477,0.23590589,5
-0.45064035,0.1622661,5
-0.39947352,0.22325587,5
-0.37626007,0.2339839,5
-0.48278365,0.22703758,5
-0.40187898,0.22845899,5
-0.39071858,0.26795858,5
-0.3916641,0.2439107,5
-0.43405586,0.17989217,5
-0.40491942,0.2430738,5
-0.4908587,0.17625254,5
-0.48101708,0.13087752,2
-0.47975305,0.21546833,5
-0.49963382,0.22331077,5
-0.46149,0.22760521,5
-0.46683183,0.17709261,5
-0.4646912,0.18664445,5
-0.4670184,0.11250186,5
-0.49489447,0.24138685,5
-0.46713808,0.20345332,5
-0.5094099,0.24033503,5
-0.50647324,0.13448992,5
-0.47728857,0.19765548,5
-0.47121337,0.21834435,5
-0.47550985,0.17118472,5
-0.48360232,0.18743928,5
-0.44499525,0.19613984,5
-0.4893963,0.1791138,5
-0.4357108,0.1362239,2
-0.42944393,0.24153033,5
-0.44265017,0.22843595,5
-0.39360428,0.1446345,5
-0.41877317,0.21180558,5
-0.41327354,0.20479447,5
-0.46511015,0.1727551,5
-0.48083857,0.12893051,5
-0.49272475,0.16725399,5
-0.4627302,0.1166195,2
-0.51063246,0.16380472,5
-0.45368695,0.19144991,5
-0.4664006,0.17408863,5
-0.52997917,0.14644285,5
-0.47501108,0.21275008,5
-0.5278045,0.21746142,5
-0.5289081,0.21216664,5
-0.51780343,0.20401955,5
-0.5540424,0.19929507,5
-0.50955874,0.08000153,2
-0.47216943,0.23914726,5
-0.51119864,0.20323227,5
-0.5153839,0.24091959,5
-0.49393186,0.20862137,5
-0.49046698,0.18736924,5
-0.47522894,0.20687518,5
-0.48831454,0.15069431,5
-0.48671094,0.20504399,5
-0.50561947,0.10075855,2
-0.5085623,0.15435939,5
-0.45014426,0.17850468,5
-0.50388134,0.11710441,2
-0.5442317,0.097539514,2
-0.50409555,0.14187752,2
-0.47220597,0.1793046,5
-0.48771617,0.07384974,2
-0.47072497,0.12813364,2
-0.530142,0.088587105,2
-0.5318426,0.13132738,5
-0.5421948,0.11662787,2
-0.52569896,0.062113523,2
-0.52198654,0.08266789,2
-0.5248567,0.1045143,2
-0.49550548,0.13774635,2
-0.49051818,0.10267407,2
-0.49633685,0.13269815,2
-0.4903786,0.18002765,5
-0.47443756,0.15475754,5
-0.48785636,0.28822964,5
-0.501615,0.29562712,5
-0.49652222,0.31492692,5
-0.4859155,0.3240173,5
-0.41803885,0.29887402,5
-0.4237763,0.3077821,5
-0.45157593,0.30356085,5
-0.45247242,0.2951292,5
-0.42213637,0.31814006,5
-0.4057766,0.28131667,5
-0.4394459,0.2988473,5
-0.414413,0.31887802,5
-0.39992884,0.31086364,5
-0.41914937,0.29931495,5
-0.42511046,0.3160615,5
-0.43576524,0.30000436,5
-0.49067673,0.33039886,5
-0.5218526,0.33085248,5
-0.4730555,0.265472,5
-0.43746114,0.28910202,5
-0.47355673,0.32317066,5
-0.4889247,0.31453207,5
-0.44115892,0.32363075,5
-0.44307384,0.32405922,5
-0.5019328,0.33272663,5
-0.4541629,0.329274,5
-0.49248585,0.3234613,5
-0.5227566,0.31628776,5
-0.4236388,0.32273343,5
-0.49835512,0.33124313,5
-0.4226912,0.30576938,5
-0.48283526,0.32054913,5
-0.503409,0.30960622,5
-0.44971675,0.31764436,5
-0.49181023,0.30909824,5
-0.5087903,0.3094104,5
-0.4971908,0.30418327,5
-0.46175465,0.31331095,5
-0.472784,0.30558515,5
-0.47452256,0.28952435,5
-0.44641075,0.29796067,5
-0.4480387,0.3014408,5
-0.4622415,0.319559,5
-0.42525834,0.31208783,5
-0.4507089,0.30032167,5
-0.4762242,0.30888572,5
-0.4260989,0.32083744,5
-0.4423068,0.30822876,5
-0.37640476,0.31386173,5
-0.40310985,0.32040173,5
-0.470643,0.33861977,5
-0.42738175,0.32947254,5
-0.4042715,0.3100399,5
-0.48583946,0.33761954,5
-0.51613957,0.33733577,5
-0.5087111,0.3394282,5
-0.50441265,0.3537575,5
-0.53197217,0.34604552,5
-0.41487888,0.32717335,5
-0.5169691,0.3251848,5
-0.45650017,0.3342938,5
-0.47788456,0.3440339,5
-0.46667835,0.3359096,5
-0.46524975,0.33850938,5
-0.4681187,0.33574778,5
-0.46515766,0.34725958,5
-0.4455695,0.3209263,5
-0.51357025,0.3409865,5
-0.5219746,0.3410913,5
-0.4703426,0.34040865,5
-0.39683563,0.30299294,5
-0.48432848,0.3351936,5
-0.49986008,0.32784194,5
-0.47798845,0.34652096,5
-0.50517505,0.33703342,5
-0.49876347,0.3295099,5
-0.5006016,0.33305293,5
-0.5047963,0.32210273,5
-0.51405114,0.32134876,5
-0.50359714,0.33088356,5
-0.47644767,0.3082962,5
-0.5147816,0.32665333,5
-0.4664246,0.31751475,5
-0.42478603,0.2990081,5
-0.5077651,0.30909467,5
-0.5197772,0.3370342,5
-0.52289164,0.331921,5
-0.5024731,0.3124894,5
-0.49016508,0.3411964,5
-0.49329862,0.3021912,5
-0.51066,0.34354383,5
-0.50670797,0.3477738,5
-0.56447047,0.32863984,5
-0.5287663,0.32913414,5
-0.53201437,0.35219565,5
-0.50760615,0.31285155,5
-0.54029214,0.36227503,5
-0.52432704,0.33789128,5
-0.53852594,0.36324042,5
-0.553038,0.366785,5
-0.48101243,0.31513622,5
-0.500382,0.34244,5
-0.5436083,0.34855238,5
-0.48253962,0.33680326,5
-0.46363124,0.3139169,5
-0.48111764,0.31164604,5
-0.4827297,0.326521,5
-0.47857574,0.32590628,5
-0.42717418,0.28753912,5
-0.4163973,0.2811744,5
-0.3987393,0.269201,5
-0.3929834,0.27836484,5
-0.44470015,0.29689875,5
-0.439683,0.2995408,5
-0.40651017,0.28069738,5
-0.48199466,0.33280852,5
-0.42487344,0.29210776,5
-0.40992433,0.27894717,5
-0.45403725,0.3153906,5
-0.39335886,0.28363198,5
-0.41135892,0.29566434,5
-0.43963024,0.32983333,5
-0.44260705,0.29950505,5
-0.4019004,0.27271074,5
-0.4694089,0.3117192,5
-0.4228449,0.28747308,5
-0.5399443,0.30860737,5
-0.48227188,0.30167627,5
-0.52695554,0.29319364,5
-0.5252195,0.26234776,5
-0.49544337,0.28254777,5
-0.49300006,0.27592728,5
-0.53091586,0.3149645,5
-0.5030096,0.2990352,5
-0.51744175,0.3182212,5
-0.49255857,0.29258516,5
-0.49494264,0.32651868,5
-0.49858359,0.31127745,5
-0.47925487,0.29048964,5
-0.49738058,0.317592,5
-0.5168971,0.31619057,5
-0.5198269,0.3134432,5
-0.56932557,0.35085034,5
-0.4949338,0.31593728,5
-0.52161074,0.3486801,5
-0.51340705,0.33278117,5
-0.5103769,0.32222238,5
-0.50329477,0.34411463,5
-0.47022113,0.3007459,5
-0.5026052,0.30926782,5
-0.49273732,0.32027394,5
-0.522065,0.3292722,5
-0.55007863,0.3530103,5
-0.52344775,0.34251723,5
-0.51173186,0.32616284,5
-0.5236453,0.33526918,5
-0.43057284,0.29954183,5
-0.5450883,0.33655873,5
-0.4781432,0.31915212,5
-0.5789789,0.33890426,5
-0.5055484,0.33250657,5
-0.5064946,0.3345128,5
-0.4963704,0.3074518,5
-0.48212352,0.3173256,5
-0.48365363,0.3069073,5
-0.4932337,0.3196787,5
-0.48697546,0.2979769,5
-0.4839717,0.30966288,5
-0.53797835,0.33188492,5
-0.51855624,0.33039182,5
-0.51083624,0.32641858,5
-0.54872745,0.33847225,5
-0.5116501,0.3436353,5
-0.5176896,0.33080637,5
-0.50234944,0.31386027,5
-0.5013626,0.305855,5
-0.5342139,0.3343085,5
-0.528875,0.34402645,5
-0.53118634,0.3354026,5
-0.5690033,0.3522562,5
-0.5284724,0.3492508,5
-0.5659318,0.35194725,5
-0.48820636,0.31744152,5
-0.5176139,0.33832857,5
-0.5591169,0.34630594,5
-0.5229866,0.34256056,5
-0.54839253,0.3312673,5
-0.5371752,0.32196277,5
-0.55315185,0.35806772,5
-0.5393738,0.32137007,5
-0.5319716,0.33813146,5
-0.50790465,0.31240988,5
-0.53303266,0.34827548,5
-0.56764454,0.3505975,5
-0.51104033,0.35313973,5
-0.5135765,0.33971244,5
-0.5113887,0.32937706,5
-0.5472718,0.33911037,5
-0.49298176,0.33240435,5
-0.56121075,0.35820884,5
-0.49461266,0.33078027,5
-0.49638006,0.3341332,5
-0.54363376,0.35854882,5
-0.4742252,0.3199547,5
-0.5507213,0.34829247,5
-0.49784198,0.34345898,5
-0.52773356,0.33377433,5
-0.5297638,0.333551,5
-0.5145315,0.32989365,5
-0.5074721,0.32702857,5
-0.4985169,0.33621567,5
-0.5147383,0.34878236,5
-0.5267411,0.33851063,5
-0.4765406,0.32127026,5
-0.48325953,0.30535188,5
-0.50864893,0.32668942,5
-0.53145415,0.34300733,5
-0.46373716,0.3136892,5
-0.5294667,0.33373737,5
-0.5388592,0.32588914,5
-0.52774596,0.34410718,5
-0.5282936,0.3396296,5
-0.53126454,0.3625465,5
-0.5207892,0.3379178,5
-0.51753825,0.33786067,5
-0.540011,0.36759195,5
-0.54180044,0.37362054,5
-0.5310263,0.37457103,5
-0.5002809,0.34135446,5
-0.55510527,0.35354194,5
-0.522545,0.34194255,5
-0.5277578,0.33610955,5
-0.48975834,0.32956222,5
-0.53372616,0.33096838,5
-0.5353377,0.34362605,5
-0.54843885,0.33584803,5
-0.5705233,0.34091082,5
-0.5412361,0.3259005,5
-0.54789525,0.33505318,5
-0.5543577,0.32923698,5
-0.55768025,0.3475347,5
-0.4728317,0.3077209,5
-0.5566379,0.34185034,5
-0.5679785,0.33983293,5
-0.5405274,0.33237562,5
-0.5579443,0.33409572,5
-0.5623802,0.343374,5
-0.5158621,0.32008082,5
-0.4838191,0.31682566,5
-0.52508533,0.31110165,5
-0.51468307,0.31404653,5
-0.5194939,0.32732913,5
-0.5101979,0.3296538,5
-0.49579898,0.30902135,5
-0.5318203,0.32551154,5
-0.5244264,0.31918335,5
-0.5101633,0.3443654,5
-0.52420247,0.323919,5
-0.5545281,0.34263656,5
-0.5127271,0.31464583,5
-0.53036195,0.3323528,5
-0.5377319,0.3320481,5
-0.53571975,0.33165932,5
-0.5320594,0.3526807,5
-0.5114337,0.33793887,5
-0.44810927,0.30308515,5
-0.5277359,0.3439891,5
-0.5338413,0.35245192,5
-0.5484222,0.34822723,5
-0.49830702,0.31554103,5
-0.42016053,0.3094776,5
-0.45723757,0.30808967,5
-0.45636687,0.29794437,5
-0.45125762,0.29126564,5
-0.45519757,0.30308545,5
-0.44377786,0.30675733,5
-0.4780533,0.31453252,5
-0.47095475,0.31349617,5
-0.42867547,0.29722422,5
-0.46464095,0.32485077,5
-0.48047522,0.31003755,5
-0.4125939,0.2730532,5
-0.54697573,0.34210634,5
-0.52601326,0.31756195,5
-0.4989101,0.30622745,5
-0.5308016,0.32474956,5
-0.5204257,0.3352853,5
-0.5297492,0.3416806,5
-0.550644,0.34981668,5
-0.5068725,0.3364641,5
-0.54046553,0.33042884,5
-0.5368427,0.336089,5
-0.50345325,0.31365973,5
-0.536779,0.33530232,5
-0.5451379,0.34156793,5
-0.57000047,0.3510384,5
-0.5055035,0.29912677,5
-0.517193,0.3181721,5
-0.53202707,0.31584245,5
-0.51729304,0.3144773,5
-0.52675676,0.33277076,5
-0.5154623,0.307412,5
-0.49180052,0.31525388,5
-0.5426457,0.32888,5
-0.53484243,0.32300618,5
-0.53617495,0.3195615,5
-0.56206346,0.33269742,5
-0.534095,0.33135736,5
-0.54046106,0.3257534,5
-0.49932072,0.32080624,5
-0.51651824,0.3201245,5
-0.538976,0.34050807,5
-0.5363499,0.3382845,5
-0.5366476,0.3185979,5
-0.517623,0.32695034,5
-0.52019817,0.32080233,5
-0.5010971,0.32057348,5
-0.49511173,0.30677623,5
-0.5526834,0.340425,5
-0.5555957,0.34380206,5
-0.52596164,0.34347272,5
-0.54615456,0.33592618,5
-0.5502431,0.35186544,5
-0.5394962,0.3493779,5
-0.5377839,0.3277232,5
-0.5422663,0.3539707,5
-0.538136,0.3292954,5
-0.5431828,0.3217447,5
-0.5637814,0.3529241,5
-0.5399517,0.34791982,5
-0.51422143,0.3207967,5
-0.49178997,0.28831553,5
-0.5400082,0.33944118,5
-0.5403091,0.3298594,5
-0.5126199,0.3119601,5
-0.54005355,0.32310227,5
-0.51077765,0.30096596,5
-0.5318695,0.32789177,5
-0.5412286,0.331987,5
-0.5429332,0.33672923,5
-0.5262738,0.33216834,5
-0.49644616,0.3212899,5
-0.5385641,0.34177408,5
-0.5086366,0.32091916,5
-0.5133448,0.3254347,5
-0.54518574,0.33413583,5
-0.5169903,0.32735187,5
-0.5533098,0.3493998,5
-0.52659535,0.33347642,5
-0.5254778,0.33847,5
-0.5364535,0.3343273,5
-0.5301562,0.3196704,5
-0.51446843,0.3231035,5
-0.5115227,0.32180852,5
-0.48462674,0.31004077,5
-0.5094519,0.31239817,5
-0.5149788,0.32930315,5
-0.49311104,0.32224768,5
-0.46835843,0.30475032,5
-0.51964927,0.32701972,5
-0.5595437,0.35027412,5
-0.5119892,0.33980602,5
-0.55543816,0.35010928,5
-0.5600482,0.36300933,5
-0.5311796,0.34127015,5
-0.5370049,0.33960727,5
-0.5194245,0.34277186,5
-0.541454,0.340576,5
-0.55135065,0.34354135,5
-0.5626695,0.34924144,5
-0.51120126,0.32276362,5
-0.5250907,0.33866173,5
-0.55259854,0.3467964,5
-0.6011166,0.3698446,5
-0.52520806,0.34227636,5
-0.51604664,0.3268873,5
-0.50876397,0.32241026,5
-0.5353801,0.33863634,5
-0.57613957,0.35971043,5
-0.51457244,0.33592957,5
-0.52222717,0.34211498,5
-0.53908086,0.3445798,5
-0.54347795,0.3455163,5
-0.50262624,0.33653334,5
-0.5716524,0.35314912,5
-0.5403625,0.34458014,5
-0.5519922,0.34598953,5
-0.5433621,0.33925006,5
-0.5137817,0.33441582,5
-0.50053185,0.32234922,5
-0.547516,0.3498541,5
-0.5189706,0.3280667,5
-0.52179825,0.33758828,5
-0.55427253,0.35639113,5
-0.55748564,0.34887654,5
-0.51819605,0.33344814,5
-0.5292589,0.33836108,5
-0.5026604,0.3354754,5
-0.5343733,0.33720145,5
-0.51523167,0.32825458,5
-0.55461055,0.35984126,5
-0.5358706,0.34716251,5
-0.5710226,0.370463,5
-0.5139504,0.3259713,5
-0.52798134,0.34902406,5
-0.48365226,0.34737715,5
-0.559145,0.36545768,5
-0.55781555,0.37341556,5
-0.56603414,0.36738706,5
-0.52786136,0.34839,5
-0.5133331,0.34033656,5
-0.5319716,0.34429342,5
-0.51420295,0.3238411,5
-0.5096395,0.345533,5
-0.543762,0.3618894,5
-0.55810523,0.3761158,5
-0.55962,0.3744128,5
-0.553319,0.363985,5
-0.5422302,0.35853586,5
-0.55545914,0.36331093,5
-0.49978444,0.34162742,5
-0.49390683,0.3360997,5
-0.51529384,0.34887648,5
-0.484854,0.34580642,5
-0.5332186,0.3503974,5
-0.46399972,0.32833388,5
-0.54093283,0.36051565,5
-0.49537078,0.34084505,5
-0.49310514,0.33079055,5
-0.4565811,0.3197693,5
-0.5411112,0.35128573,5
-0.4792497,0.34324962,5
-0.5151767,0.3379383,5
-0.51436937,0.3356711,5
-0.5139223,0.33448452,5
-0.4614661,0.3086513,5
-0.510414,0.35210064,5
-0.5370369,0.3455291,5
-0.5289725,0.3453097,5
-0.5310812,0.35502678,5
-0.504321,0.3371569,5
-0.5221435,0.34186283,5
-0.535966,0.34833664,5
-0.4831629,0.31659204,5
-0.5252947,0.35204318,5
-0.5379524,0.34301308,5
-0.54799896,0.36641514,5
-0.5231778,0.35314965,5
-0.4846169,0.3402734,5
-0.5349379,0.35171774,5
-0.50131744,0.34029824,5
-0.52811146,0.35824394,5
-0.5405775,0.36610168,5
-0.5575886,0.36661857,5
-0.5478774,0.3564909,5
-0.52810484,0.34704712,5
-0.4950709,0.34510887,5
-0.50329316,0.3331593,5
-0.47201237,0.34170902,5
-0.4876407,0.34271187,5
-0.4866633,0.33627504,5
-0.5241511,0.32925466,5
-0.54518086,0.36019444,5
-0.5796273,0.37715948,5
-0.58154535,0.37520602,5
-0.5423406,0.3428082,5
-0.4496179,0.30095544,5
-0.5356212,0.34752208,5
-0.55105877,0.35408932,5
-0.5713182,0.3618325,5
-0.5028777,0.31464696,5
-0.48471466,0.31881425,5
-0.514576,0.33131075,5
-0.47898313,0.30780944,5
-0.49352774,0.31604338,5
-0.53838646,0.3487882,5
-0.51506686,0.34423628,5
-0.5675944,0.36361992,5
-0.5632639,0.3675183,5
-0.49467406,0.31142646,5
-0.5205162,0.33960974,5
-0.5595503,0.33819753,5
-0.5084996,0.33528444,5
-0.5247689,0.34209466,5
-0.5086974,0.3508905,5
-0.55462843,0.37327933,5
-0.48813745,0.33358434,5
-0.43072432,0.31548727,5
-0.46801195,0.31746846,5
-0.48436746,0.34639817,5
-0.49814215,0.33348924,5
-0.51145226,0.34159604,5
-0.47323313,0.3328616,5
-0.49059674,0.33385468,5
-0.53626746,0.36304006,5
-0.50123125,0.3459874,5
-0.4872987,0.33292425,5
-0.5428041,0.3728017,5
-0.43989864,0.32096088,5
-0.45867416,0.31556416,5
-0.35897395,0.2929653,5
-0.41382712,0.30561757,5
-0.47104272,0.3304961,5
-0.3240758,0.28475285,5
-0.5185951,0.3288877,5
-0.49337944,0.32008708,5
-0.48641792,0.31742966,5
-0.5313313,0.33841467,5
-0.48873731,0.3224163,5
-0.41393915,0.2996474,5
-0.5264047,0.32930458,5
-0.53569216,0.33333722,5
-0.47101125,0.31471753,5
-0.4934806,0.33308467,5
-0.5145172,0.33513233,5
-0.47676584,0.31520325,5
-0.48512784,0.28686404,5
-0.46148416,0.30177236,5
-0.485108,0.28703737,5
-0.4883847,0.31516272,5
-0.5493481,0.36129677,5
-0.5015442,0.31627655,5
-0.5809776,0.3651237,5
-0.49343863,0.32504794,5
-0.5190507,0.34856611,5
-0.54237944,0.35440552,5
-0.52098924,0.3534421,5
-0.54691243,0.36724266,5
-0.52968025,0.3437605,5
-0.5227798,0.3385784,5
-0.48013172,0.33629107,5
-0.5422542,0.34644678,5
-0.53828233,0.35673374,5
-0.5105651,0.34375647,5
-0.5209382,0.3539153,5
-0.46326503,0.33791596,5
-0.45647246,0.31773347,5
-0.51518947,0.3293209,5
-0.5098879,0.3360756,5
-0.49171433,0.35306647,5
-0.487937,0.33522028,5
-0.51218736,0.34668198,5
-0.4941589,0.3349974,5
-0.52896005,0.34538174,5
-0.46143088,0.32165375,5
-0.47236493,0.3334162,5
-0.48524734,0.33560753,5
-0.47731152,0.32975212,5
-0.4623992,0.35314938,5
-0.4749137,0.34213972,5
-0.4828172,0.3271022,5
-0.48760292,0.34127533,5
-0.48883268,0.3157183,5
-0.46744528,0.33349377,5
-0.43475565,0.32513535,5
-0.45735532,0.31906945,5
-0.50815195,0.35039738,5
-0.44256714,0.3192055,5
-0.45284638,0.3215853,5
-0.42361212,0.3112186,5
-0.5195946,0.3461188,5
-0.4575542,0.3210254,5
-0.4683278,0.30297405,5
-0.5315819,0.32476804,5
-0.45439303,0.2937382,5
-0.45783576,0.31493795,5
-0.4811683,0.30929768,5
-0.4829946,0.32255784,5
-0.4574592,0.32232553,5
-0.46491846,0.31485972,5
-0.50824326,0.34237996,5
-0.49645868,0.33454978,5
-0.48802027,0.3369369,5
-0.49279603,0.33581924,5
-0.5065408,0.32924005,5
-0.52361965,0.35435498,5
-0.51101434,0.34487718,5
-0.5045135,0.3415417,5
-0.51922935,0.3529382,5
-0.49848655,0.3412576,5
-0.54453915,0.34475476,5
-0.52251905,0.35806534,5
-0.49161014,0.34527987,5
-0.51564693,0.34413916,5
-0.48401353,0.33944067,5
-0.48128608,0.3364843,5
-0.49127588,0.33902335,5
-0.4993299,0.33671105,5
-0.44553676,0.32365584,5
-0.48744157,0.33439818,5
-0.43323672,0.32637352,5
-0.46806183,0.3428302,5
-0.47914448,0.35894567,5
-0.48544505,0.35033888,5
-0.47686222,0.35098746,5
-0.5044892,0.37160167,5
-0.4488499,0.32854667,5
-0.46269998,0.33094463,5
-0.47405192,0.30970612,5
-0.47828063,0.33125228,5
-0.42264453,0.31974155,5
-0.40660146,0.30970573,5
-0.4543863,0.3161521,5
-0.50495994,0.3481609,5
-0.51853395,0.3512846,5
-0.4866511,0.33813745,5
-0.5103576,0.335977,5
-0.5295348,0.3544285,5
-0.48166952,0.33406103,5
-0.4596279,0.3174547,5
-0.5310462,0.35367855,5
-0.5031907,0.33932045,5
-0.48051414,0.33472922,5
-0.46485564,0.32681525,5
-0.45505065,0.32595026,5
-0.476378,0.32803726,5
-0.48022088,0.33242202,5
-0.46854737,0.31837183,5
-0.4629015,0.318596,5
-0.4878169,0.31905216,5
-0.4660872,0.3285596,5
-0.49644157,0.32543433,5
-0.3677265,0.28856152,5
-0.41046143,0.3261042,5
-0.40298572,0.32455403,5
-0.4317921,0.33440796,5
-0.43439278,0.34124556,5
-0.42774993,0.3335086,5
-0.46041784,0.35616818,5
-0.46052375,0.35354853,5
-0.46905407,0.3463856,5
-0.46907994,0.3475115,5
-0.40677807,0.31871578,5
-0.47814807,0.34177962,5
-0.47255668,0.35438475,5
-0.46673927,0.34783626,5
-0.38012874,0.2941246,5
-0.42948425,0.33634737,5
-0.460139,0.33359534,5
-0.45198327,0.3342977,5
-0.40659037,0.305381,5
-0.42336065,0.31020418,5
-0.4471024,0.32836598,5
-0.44160134,0.32845104,5
-0.38582984,0.3000271,5
-0.40691954,0.32295978,5
-0.39214587,0.28974077,5
-0.4165375,0.31923917,5
-0.4658837,0.3426448,5
-0.39289933,0.2962277,5
-0.41652882,0.30868047,5
-0.39391133,0.2998157,5
-0.38523877,0.30495822,5
-0.4647062,0.32075453,5
-0.40752047,0.31941503,5
-0.41723505,0.31349608,5
-0.42684293,0.30368012,5
-0.3865455,0.29638344,5
-0.4097397,0.3355725,5
-0.3885386,0.31038135,5
-0.44857445,0.31772494,5
-0.41568208,0.34288496,5
-0.4670507,0.3330237,5
-0.45694986,0.33294368,5
-0.46454325,0.34072843,5
-0.40800095,0.3240674,5
-0.40641314,0.33164993,5
-0.37547493,0.31309885,5
-0.43064788,0.32672846,5
-0.5003718,0.3490942,5
-0.5250511,0.36585978,5
-0.47609326,0.34911075,5
-0.4879293,0.32472327,5
-0.49112567,0.3285093,5
-0.46466854,0.3320232,5
-0.48702797,0.34016111,5
-0.45822218,0.32165867,5
-0.49695876,0.32881224,5
-0.5327264,0.35525316,5
-0.4876744,0.3190729,5
-0.5007338,0.31777367,5
-0.47581205,0.31888193,5
-0.51672816,0.33059824,5
-0.51602244,0.3424462,5
-0.5183666,0.3445798,5
-0.52073085,0.32899758,5
-0.51380855,0.34096792,5
-0.50628936,0.32820386,5
-0.52074504,0.332932,5
-0.52468735,0.34023082,5
-0.45910338,0.314747,5
-0.52121747,0.33736408,5
-0.47527388,0.32474297,5
-0.4998668,0.32994282,5
-0.48007646,0.3253367,5
-0.42828533,0.31776118,5
-0.41353258,0.31428403,5
-0.47825876,0.3183955,5
-0.4684637,0.32724887,5
-0.42152333,0.3079314,5
-0.44146746,0.32421216,5
-0.47522637,0.3197902,5
-0.50734645,0.34318578,5
-0.47847733,0.3363589,5
-0.4482796,0.31621572,5
-0.41792217,0.3309062,5
-0.49257627,0.3197637,5
-0.45844707,0.3133348,5
-0.46629515,0.31005466,5
-0.47330722,0.3249559,5
-0.44314048,0.29619455,5
-0.43838838,0.2988218,5
-0.44615138,0.28883833,5
-0.46448448,0.3011316,5
-0.44643593,0.3080859,5
-0.44661897,0.29907465,5
-0.46736804,0.31340584,5
-0.4367432,0.31027454,5
-0.4244586,0.30015668,5
-0.46596,0.32120523,5
-0.4676893,0.32184273,5
-0.42331806,0.29225147,5
-0.46041414,0.31163764,5
-0.47835645,0.31507522,5
-0.40818298,0.2918795,5
-0.43242902,0.3186876,5
-0.50180745,0.3146273,5
-0.47094855,0.31662625,5
-0.5513543,0.35181525,5
-0.5332883,0.3236466,5
-0.47832492,0.3403876,5
-0.48931304,0.3428646,5
-0.44374636,0.32617307,5
-0.5223409,0.33702973,5
-0.50461215,0.33540124,5
-0.4619402,0.31156808,5
-0.5182618,0.36636895,5
-0.5330814,0.36550674,5
-0.5180259,0.3634248,5
-0.42955345,0.32148588,5
-0.43082494,0.31413853,5
-0.48881534,0.34868345,5
-0.43395472,0.29806584,5
-0.49914548,0.33394432,5
-0.47256026,0.3140061,5
-0.40302518,0.29286805,5
-0.45880458,0.31166542,5
-0.4764441,0.31133044,5
-0.45150188,0.30564767,5
-0.45921794,0.295644,5
-0.49824455,0.3134884,5
-0.46594653,0.30174524,5
-0.50380605,0.31713217,5
-0.50099,0.33353242,5
-0.49280748,0.30182964,5
-0.50534403,0.31005925,5
-0.5099985,0.30495712,5
-0.49604544,0.3078043,5
-0.52055436,0.28939527,5
-0.5142224,0.30459294,5
-0.4720035,0.29480293,5
-0.5147598,0.28554648,5
-0.51804966,0.3166356,5
-0.5298905,0.30612522,5
-0.51134145,0.31143883,5
-0.47361293,0.30097342,5
-0.5058032,0.3136715,5
-0.43057242,0.29212227,5
-0.5220911,0.31126666,5
-0.5110383,0.2988283,5
-0.54195154,0.30388308,5
-0.5104101,0.29337573,5
-0.46753773,0.30420962,5
-0.5338186,0.3233421,5
-0.5245595,0.31551185,5
-0.44545904,0.28469178,5
-0.48790053,0.27476192,5
-0.48103133,0.2842214,5
-0.48224244,0.31952488,5
-0.4698464,0.29065332,5
-0.48160633,0.2880334,5
-0.50184304,0.30406994,5
-0.44855917,0.27581888,5
-0.5146171,0.30672863,5
-0.5421541,0.29145628,5
-0.5426461,0.31724134,5
-0.59221196,0.33010015,5
-0.58101654,0.32001236,5
-0.60331833,0.3066364,5
-0.65267724,0.3427974,5
-0.62373275,0.32200456,5
-0.58727884,0.30585766,5
-0.61858064,0.34073326,5
-0.6316455,0.31961367,5
-0.5583928,0.3141802,5
-0.598834,0.3195966,5
-0.42317742,0.27719557,5
-0.5123321,0.309976,5
-0.4485078,0.2874424,5
-0.4626588,0.29320097,5
-0.4484534,0.2929476,5
-0.45671135,0.29572254,5
-0.5146154,0.32421827,5
-0.5000572,0.30814093,5
-0.46265927,0.31190088,5
-0.4769868,0.31818825,5
-0.49957332,0.32586163,5
-0.44363582,0.2959597,5
-0.46088013,0.32489413,5
-0.50835985,0.31452352,5
-0.41841716,0.32332006,5
-0.4973589,0.33227238,5
-0.4379369,0.31317535,5
-0.4559768,0.31820983,5
-0.47972974,0.32855517,5
-0.47651646,0.34670854,5
-0.46653804,0.33283567,5
-0.49078998,0.33445486,5
-0.478272,0.348104,5
-0.46873268,0.33507136,5
-0.43028763,0.3180446,5
-0.4263451,0.31458533,5
-0.46157113,0.34016386,5
-0.4178397,0.28733778,5
-0.47963908,0.35418344,5
-0.46371004,0.34689593,5
-0.48344,0.34352568,5
-0.46148625,0.30680516,5
-0.44959572,0.3366333,5
-0.4679651,0.3284446,5
-0.47123572,0.31725094,5
-0.4629855,0.3369135,5
-0.46135524,0.34895846,5
-0.4533935,0.33085564,5
-0.45274088,0.34777376,5
-0.44720277,0.32945377,5
-0.4656116,0.33092242,5
-0.46639368,0.33597463,5
-0.40763077,0.30481106,5
-0.4425535,0.3210819,5
-0.4422536,0.31176078,5
-0.44556528,0.32732248,5
-0.38312265,0.30399388,5
-0.44100535,0.33102942,5
-0.4536442,0.337804,5
-0.43235174,0.31701505,5
-0.4355557,0.31391048,5
-0.4323624,0.33071727,5
-0.48112407,0.34181848,5
-0.44044873,0.32872054,5
-0.4111382,0.31380394,5
-0.41944674,0.2948896,5
-0.47104022,0.32531393,5
-0.3907166,0.3050756,5
-0.45270458,0.32580438,5
-0.47802243,0.33819628,5
-0.33547407,0.2656986,5
-0.46201614,0.32278976,5
-0.4483283,0.31306207,5
-0.44241068,0.31733564,5
-0.39999458,0.3137306,5
-0.46043018,0.32959592,5
-0.3935894,0.32574546,5
-0.4002895,0.30312675,5
-0.3875624,0.32925063,5
-0.39574558,0.31714618,5
-0.50847685,0.35548905,5
-0.42483997,0.31012183,5
-0.43124062,0.32417196,5
-0.43529132,0.30430034,5
-0.36547664,0.30278486,5
-0.441978,0.3273613,5
-0.43411404,0.29817432,5
-0.41008684,0.3084859,5
-0.4587241,0.31511492,5
-0.4604889,0.32697245,5
-0.47474036,0.29657975,5
-0.46094093,0.30779278,5
-0.44806483,0.3183741,5
-0.40394208,0.27930874,5
-0.42620093,0.318521,5
-0.4531372,0.3100471,5
-0.48964116,0.34506315,5
-0.4646121,0.3167278,5
-0.44929722,0.31349605,5
-0.4711242,0.32721913,5
-0.40122464,0.30702564,5
-0.3893904,0.3007093,5
-0.45263582,0.27890065,5
-0.45087963,0.30136508,5
-0.4534426,0.3165839,5
-0.42769367,0.29337338,5
-0.38064486,0.286805,5
-0.41276464,0.31132647,5
-0.41231045,0.30703178,5
-0.36301276,0.29534763,5
-0.41451392,0.27314842,5
-0.3985963,0.27635306,5
-0.50150484,0.33290672,5
-0.41970965,0.29141584,5
-0.48963067,0.29970565,5
-0.47663465,0.30232894,5
-0.41625795,0.28687376,5
-0.46786484,0.31500173,5
-0.36709827,0.28814143,5
-0.48758224,0.30503854,5
-0.44152293,0.28540772,5
-0.45479038,0.29966545,5
-0.4020021,0.3167175,5
-0.41435182,0.27974916,5
-0.4391668,0.29397452,5
-0.43496618,0.30185512,5
-0.4542746,0.3070737,5
-0.39603746,0.28702995,5
-0.43063712,0.2924748,5
-0.4118829,0.2732095,5
-0.38594565,0.27593136,5
-0.42302373,0.30429202,5
-0.36909738,0.2828443,5
-0.40601298,0.29615504,5
-0.4235514,0.3171265,5
-0.44764394,0.31423324,5
-0.39978173,0.3088509,5
-0.4287582,0.30530953,5
-0.3604737,0.27896708,5
-0.3487137,0.28529215,5
-0.38965732,0.30191758,5
-0.36421037,0.2964139,5
-0.42055833,0.32356912,5
-0.41559926,0.33378145,5
-0.4158316,0.32959312,5
-0.41015917,0.32456446,5
-0.3685954,0.31455618,5
-0.38913915,0.297675,5
-0.37675667,0.2967751,5
-0.40964267,0.31563336,5
-0.39529222,0.31821468,5
-0.44123375,0.32688606,5
-0.3794009,0.30994412,5
-0.3744437,0.31911492,5
-0.38301885,0.28597113,5
-0.3464219,0.28305095,5
-0.34964645,0.29436806,5
-0.38068086,0.3045035,5
-0.35951638,0.29176283,5
-0.3815083,0.30879533,5
-0.41013873,0.3358494,5
-0.41903558,0.3296787,5
-0.36312518,0.29834467,5
-0.3878619,0.32107517,5
-0.3455343,0.28833964,5
-0.37467578,0.3036542,5
-0.33210522,0.29726154,5
-0.3622326,0.31080174,5
-0.35077673,0.31073675,5
-0.35143802,0.29038447,5
-0.3824961,0.3020617,5
-0.36739567,0.3008139,5
-0.39474934,0.3044667,5
-0.38905957,0.30596864,5
-0.3624339,0.28576353,5
-0.3287383,0.29395038,5
-0.34283018,0.28753942,5
-0.34312177,0.27937892,5
-0.35193843,0.29892495,5
-0.35379937,0.31015015,5
-0.38588884,0.30233315,5
-0.37195265,0.301764,5
-0.37438935,0.29493833,5
-0.35777402,0.29676062,5
-0.37716565,0.30867085,5
-0.39387286,0.3180048,5
-0.39776948,0.2992038,5
-0.36632806,0.3181133,5
-0.38844654,0.2956858,5
-0.35646716,0.2796584,5
-0.3448084,0.28652272,5
-0.37727153,0.31183374,5
-0.3733789,0.2892046,5
-0.36097136,0.27695447,5
-0.37135205,0.28640682,5
-0.35523644,0.27737534,5
-0.37242118,0.2863574,5
-0.40057325,0.2809207,5
-0.37530893,0.28510544,5
-0.3893774,0.30838615,5
-0.37016627,0.3105325,5
-0.38016358,0.29766178,5
-0.3853229,0.294657,5
-0.3744633,0.30594084,5
-0.38217956,0.3016787,5
-0.372412,0.30775607,5
-0.3424332,0.29209775,5
-0.35165694,0.2953953,5
-0.34918717,0.2852046,5
-0.3563539,0.2897842,5
-0.38887277,0.29441404,5
-0.36855546,0.30165774,5
-0.364359,0.26079634,5
-0.38031074,0.2969914,5
-0.3472871,0.28258032,5
-0.36121264,0.29435867,5
-0.35728496,0.29113933,5
-0.3306392,0.27710837,5
-0.35993013,0.29199758,5
-0.3666862,0.29309008,5
-0.36795834,0.28387153,5
-0.37509495,0.27534494,5
-0.37733337,0.30805856,5
-0.38108155,0.28390098,5
-0.3505046,0.27295232,5
-0.34656626,0.27129215,5
-0.37044463,0.27912962,5
-0.34578896,0.27379858,5
-0.34861374,0.27591318,5
-0.35043284,0.27542433,5
-0.33351812,0.264861,5
-0.3504178,0.27677286,5
-0.37324873,0.31313068,5
-0.35840824,0.28299654,5
-0.3490859,0.26331437,5
-0.349604,0.28018486,5
-0.3357604,0.27987954,5
-0.36770064,0.2925758,5
-0.3600199,0.32004368,5
-0.36430565,0.29807454,5
-0.36238927,0.2985717,5
-0.38582072,0.3238148,5
-0.33620065,0.31045973,5
-0.37285373,0.31648833,5
-0.3532348,0.31695557,5
-0.3522315,0.3068276,5
-0.346375,0.26685953,5
-0.39032587,0.33005306,5
-0.31666985,0.28967148,5
-0.36321077,0.29469812,5
-0.31898347,0.31190804,5
-0.35802713,0.31080538,5
-0.30903652,0.28321695,5
-0.35641912,0.29768896,5
-0.3753561,0.29865783,5
-0.3624112,0.29367894,5
-0.3856489,0.30401504,5
-0.3253834,0.2822146,5
-0.36138383,0.31083333,5
-0.33904034,0.28893185,5
-0.344106,0.26902053,5
-0.35476443,0.30308583,5
-0.3433657,0.2830873,5
-0.33053318,0.28228953,5
-0.29686683,0.24454245,5
-0.35365775,0.28847227,5
-0.3479899,0.2689935,5
-0.3341696,0.26865843,5
-0.31308064,0.25920737,5
-0.34893963,0.28976712,5
-0.31019512,0.2500053,5
-0.30588973,0.26720363,5
-0.2797011,0.279529,5
-0.2727202,0.28335458,5
-0.31661808,0.27308452,5
-0.30265486,0.27085087,5
-0.28946885,0.29620636,5
-0.30913138,0.27912334,5
-0.27902836,0.29754028,5
-0.26668087,0.2956869,5
-0.25721082,0.29878932,5
-0.2707099,0.27711403,5
-0.26035878,0.2636342,5
-0.27198103,0.27521905,5
-0.22215933,0.26193547,5
-0.24138731,0.2727642,5
-0.2965037,0.28381622,5
-0.24671763,0.28814122,5
-0.2617848,0.27451193,5
-0.27985594,0.27640238,5
-0.25945202,0.27856767,5
-0.24977738,0.26813614,5
-0.2691982,0.26889414,5
-0.32278842,0.29720712,5
-0.2854333,0.27143484,5
-0.24770823,0.26917532,5
-0.29335237,0.27507937,5
-0.32469818,0.2792366,5
-0.29229367,0.27355504,5
-0.33753225,0.27374333,5
-0.25345334,0.27749717,5
-0.28093365,0.27979198,5
-0.24032706,0.26159,5
-0.22223517,0.2552619,5
-0.22288096,0.26089433,5
-0.24868959,0.2629568,5
-0.28297338,0.26741403,5
-0.26788828,0.25475034,5
-0.2669734,0.28327832,5
-0.25758204,0.26466113,5
-0.23075733,0.27166674,5
-0.2711804,0.27981287,5
-0.16212226,0.2626148,5
-0.21481624,0.2526374,5
-0.24173802,0.28647062,7
-0.2071113,0.260219,7
-0.2230052,0.28447074,7
-0.28106037,0.26220128,5
-0.2596731,0.27599072,7
-0.21946186,0.26886153,5
-0.23474997,0.26077414,0
-0.21371853,0.26488617,5
-0.21176007,0.2716523,5
-0.18462497,0.26756123,5
-0.2829841,0.25492942,5
-0.27932245,0.28219154,5
-0.29478765,0.28342506,5
-0.22369218,0.2748329,7
-0.2415987,0.27025068,5
-0.3167591,0.28907177,5
-0.21845755,0.2320646,0
-0.20612524,0.2416873,5
-0.1740393,0.22838268,0
-0.21022621,0.24065629,0
-0.18851905,0.24793816,0
-0.1956328,0.23674281,0
-0.22101349,0.25948286,0
-0.22535044,0.24066962,7
-0.2207652,0.25713277,7
-0.23202759,0.26166826,7
-0.11218633,0.23284666,7
-0.17426573,0.2505691,7
-0.12593049,0.23514302,7
-0.12611145,0.2536757,7
-0.0719098,0.22651993,7
-0.06843956,0.21709903,7
-0.07711622,0.23361035,7
-0.08308974,0.22162749,7
-0.06987113,0.24045241,7
-0.07082467,0.24754974,7
-0.10647021,0.24978618,7
-0.09324542,0.24474524,7
-0.059048284,0.23780265,7
-0.06949718,0.22250405,7
-0.059122626,0.23662937,7
-0.06034242,0.22745468,7
-0.10031928,0.25056896,7
-0.061345045,0.24552321,7
-0.08458103,0.24823268,7
-0.06799865,0.23761183,7
-0.10876408,0.2565729,7
-0.092081234,0.24571528,7
-0.10038899,0.24966328,7
-0.11403903,0.24285981,7
-0.060998473,0.25001305,7
-0.07501553,0.23820943,7
-0.08388704,0.23750974,7
-0.060296882,0.24350747,7
-0.050504584,0.24887271,7
-0.05907819,0.24398103,7
-0.063883334,0.24366653,7
-0.028414268,0.2332568,7
-0.0815357,0.245965,7
-0.12351765,0.26234284,7
-0.068516746,0.25602612,7
-0.08078313,0.25304565,7
-0.06448026,0.26762038,7
-0.033046197,0.24691862,7
-0.06793693,0.28550214,7
-0.08006927,0.2826036,7
-0.039738107,0.28919864,7
-0.09457946,0.3085756,7
-0.0010610074,0.29577625,7
-0.028087486,0.2900968,7
-0.037599858,0.31366944,7
0.046042,0.2739115,7
0.0589585,0.26274902,1
0.030473286,0.28581876,7
0.015660275,0.29431513,7
0.03301071,0.2796864,1
0.038523536,0.29031044,7
0.023844596,0.28873977,7
0.023662996,0.30558372,7
0.085196495,0.24971163,1
0.09836201,0.23641841,1
0.14125617,0.2243172,1
0.09681128,0.24673381,1
0.11277479,0.23920472,1
0.15350094,0.21866499,1
0.17574668,0.1925714,1
0.25115043,0.17509884,1
0.19768013,0.19158818,1
